<?xml version="1.0" encoding="UTF-8"?>
<project-private xmlns="http://www.netbeans.org/ns/project-private/1">
    <editor-bookmarks xmlns="http://www.netbeans.org/ns/editor-bookmarks/2" lastBookmarkId="0"/>
    <open-files xmlns="http://www.netbeans.org/ns/projectui-open-files/2">
        <group>
            <file>file:/C:/Users/roc53/Documents/SEMESTRE%202/programacion%20Orientada%20%20a%20objetos/programasP2P2/programa3P2P2/src/clases/Encriptacion.java</file>
            <file>file:/C:/Users/roc53/Documents/SEMESTRE%202/programacion%20Orientada%20%20a%20objetos/programasP2P2/programa3P2P2/src/clases/Operacion.java</file>
            <file>file:/C:/Users/roc53/Documents/SEMESTRE%202/programacion%20Orientada%20%20a%20objetos/programasP2P2/programa3P2P2/src/clases/BuscarVocales.java</file>
        </group>
    </open-files>
</project-private>
